rank,code,occupation_classification,occupation,probability
70,11-1011,Management,Chief Executives,0.015
195,11-1021,Management,General and Operations Managers,0.16
124,11-2011,Management,Advertising and Promotions Managers,0.039
61,11-2021,Management,Marketing Managers,0.014
59,11-2022,Management,Sales Managers,0.013
67,11-2031,Management,Public Relations and Fundraising Managers,0.015
401,11-3011,Management,Administrative Services Managers,0.73
118,11-3021,Management,Computer and Information Systems Managers,0.035
152,11-3031,Management,Financial Managers,0.069
107,11-3051,Management,Industrial Production Managers,0.03
111,11-3061,Management,Purchasing Managers,0.03
328,11-3071,Management,Transportation - Storage - and Distribution Managers,0.59
630,11-3111,Management,Compensation and Benefits Managers,0.96
28,11-3121,Management,Human Resources Managers,0.0055
30,11-3131,Management,Training and Development Managers,0.0063
137,11-9013,Management,Farmers - Ranchers - and Other Agricultural Managers,0.047
154,11-9021,Management,Construction Managers,0.071
71,11-9031,Management,Education Administrators - Preschool and Childcare Center/Program,0.015
22,11-9032,Management,Education Administrators - Elementary and Secondary School,0.0046
52,11-9033,Management,Education Administrators - Postsecondary,0.01
78,11-9041,Management,Architectural and Engineering Managers,0.017
162,11-9051,Management,Food Service Managers,0.083
165,11-9071,Management,Gaming Managers,0.091
12,11-9081,Management,Lodging Managers,0.0039
36,11-9111,Management,Medical and Health Services Managers,0.0073
80,11-9121,Management,Natural Sciences Managers,0.018
409,11-9131,Management,Postmasters and Mail Superintendents,0.75
446,11-9141,Management,Property - Real Estate - and Community Association Managers,0.81
33,11-9151,Management,Social and Community Service Managers,0.0067
3,11-9161,Management,Emergency Management Directors,0.003
226,11-9199,Management,Managers - All Other,0.25
675,113-1031,Management,Claims Adjusters - Examiners - and Investigators,0.98
698,113-2053,Management,Insurance Underwriters,0.99
220,13-1011,Business - Financial Operations,Agents and Business Managers of Artists - Performers - and Athletes,0.24
506,13-1021,Business - Financial Operations,Buyers and Purchasing Agents - Farm Products,0.87
237,13-1022,Business - Financial Operations,Wholesale and Retail Buyers - Except Farm Products,0.29
423,13-1023,Business - Financial Operations,Purchasing Agents - Except Wholesale - Retail - and Farm Products,0.77
685,13-1032,Business - Financial Operations,Insurance Appraisers - Auto Damage,0.98
159,13-1041,Business - Financial Operations,Compliance Officers,0.08
321,13-1051,Business - Financial Operations,Cost Estimators,0.57
649,13-1074,Business - Financial Operations,Farm Labor Contractors,0.97
242,13-1078,Business - Financial Operations,Human Resources - Training - and Labor Relations Specialists - All Other,0.31
55,13-1081,Business - Financial Operations,Logisticians,0.012
182,13-1111,Business - Financial Operations,Management Analysts,0.13
121,13-1121,Business - Financial Operations,Meeting - Convention - and Event Planners,0.037
286,13-1141,Business - Financial Operations,Compensation - Benefits - and Job Analysis Specialists,0.47
64,13-1151,Business - Financial Operations,Training and Development Specialists,0.014
337,13-1161,Business - Financial Operations,Market Research Analysts and Marketing Specialists,0.61
216,13-1199,Business - Financial Operations,Business Operations Specialists - All Other,0.23
589,13-2011,Business - Financial Operations,Accountants and Auditors,0.94
541,13-2021,Business - Financial Operations,Appraisers and Assessors of Real Estate,0.9
594,13-2031,Business - Financial Operations,Budget Analysts,0.94
677,13-2041,Business - Financial Operations,Credit Analysts,0.98
217,13-2051,Business - Financial Operations,Financial Analysts,0.23
324,13-2052,Business - Financial Operations,Personal Financial Advisors,0.58
198,13-2061,Business - Financial Operations,Financial Examiners,0.17
126,13-2071,Business - Financial Operations,Credit Counselors,0.04
686,13-2072,Business - Financial Operations,Loan Officers,0.98
586,13-2081,Business - Financial Operations,Tax Examiners and Collectors - and Revenue Agents,0.93
695,13-2082,Business - Financial Operations,Tax Preparers,0.99
245,13-2099,Business - Financial Operations,Financial Specialists - All Other,0.33
69,15-1111,Computer - Mathematical,Computer and Information Research Scientists,0.015
32,15-1121,Computer - Mathematical,Computer Systems Analysts,0.0065
293,15-1131,Computer - Mathematical,Computer Programmers,0.48
130,15-1132,Computer - Mathematical,Software Developers - Applications,0.042
181,15-1133,Computer - Mathematical,Software Developers - Systems Software,0.13
110,15-1141,Computer - Mathematical,Database Administrators,0.03
109,15-1142,Computer - Mathematical,Network and Computer Systems Administrators,0.03
359,15-115,Computer - Mathematical,Computer Support Specialists,0.65
208,15-1179,Computer - Mathematical,Information Security Analysts - Web Developers - and Computer Network Architects,0.21
212,15-1799,Computer - Mathematical,Computer Occupations - All Other,0.22
209,15-2011,Computer - Mathematical,Actuaries,0.21
135,15-2021,Computer - Mathematical,Mathematicians,0.047
117,15-2031,Computer - Mathematical,Operations Research Analysts,0.035
213,15-2041,Computer - Mathematical,Statisticians,0.22
699,15-2091,Computer - Mathematical,Mathematical Technicians,0.99
82,17-1011,Architecture - Engineering,Architects - Except Landscape and Naval,0.018
133,17-1012,Architecture - Engineering,Landscape Architects,0.045
515,17-1021,Architecture - Engineering,Cartographers and Photogrammetrists,0.88
262,17-1022,Architecture - Engineering,Surveyors,0.38
79,17-2011,Architecture - Engineering,Aerospace Engineers,0.017
295,17-2021,Architecture - Engineering,Agricultural Engineers,0.49
120,17-2031,Architecture - Engineering,Biomedical Engineers,0.037
77,17-2041,Architecture - Engineering,Chemical Engineers,0.017
84,17-2051,Architecture - Engineering,Civil Engineers,0.019
214,17-2061,Architecture - Engineering,Computer Hardware Engineers,0.22
172,17-2071,Architecture - Engineering,Electrical Engineers,0.1
98,17-2072,Architecture - Engineering,Electronics Engineers - Except Computer,0.025
81,17-2081,Architecture - Engineering,Environmental Engineers,0.018
103,17-2111,Architecture - Engineering,Health and Safety Engineers - Except Mining Safety Engineers and Inspectors,0.028
104,17-2112,Architecture - Engineering,Industrial Engineers,0.029
51,17-2121,Architecture - Engineering,Marine Engineers and Naval Architects,0.01
88,17-2131,Architecture - Engineering,Materials Engineers,0.021
53,17-2141,Architecture - Engineering,Mechanical Engineers,0.011
189,17-2151,Architecture - Engineering,Mining and Geological Engineers - Including Mining Safety Engineers,0.14
153,17-2161,Architecture - Engineering,Nuclear Engineers,0.07
193,17-2171,Architecture - Engineering,Petroleum Engineers,0.16
63,17-2199,Architecture - Engineering,Engineers - All Other,0.014
305,17-3011,Architecture - Engineering,Architectural and Civil Drafters,0.52
443,17-3012,Architecture - Engineering,Electrical and Electronics Drafters,0.81
378,17-3013,Architecture - Engineering,Mechanical Drafters,0.68
290,17-3021,Architecture - Engineering,Aerospace Engineering and Operations Technicians,0.48
413,17-3022,Architecture - Engineering,Civil Engineering Technicians,0.75
474,17-3023,Architecture - Engineering,Electrical and Electronics Engineering Technicians,0.84
444,17-3024,Architecture - Engineering,Electro-Mechanical Technicians,0.81
225,17-3025,Architecture - Engineering,Environmental Engineering Technicians,0.25
108,17-3026,Architecture - Engineering,Industrial Engineering Technicians,0.03
263,17-3027,Architecture - Engineering,Mechanical Engineering Technicians,0.38
221,17-3029,Architecture - Engineering,Engineering Technicians - Except Drafters - All Other,0.24
635,17-3031,Architecture - Engineering,Surveying and Mapping Technicians,0.96
147,19-1011,Life - Physical - Social Science,Animal Scientists,0.061
158,19-1012,Life - Physical - Social Science,Food Scientists and Technologists,0.077
86,19-1013,Life - Physical - Social Science,Soil and Plant Scientists,0.021
99,19-1021,Life - Physical - Social Science,Biochemists and Biophysicists,0.027
56,19-1022,Life - Physical - Social Science,Microbiologists,0.012
240,19-1023,Life - Physical - Social Science,Zoologists and Wildlife Biologists,0.3
66,19-1029,Life - Physical - Social Science,Biological Scientists - All Other,0.015
75,19-1031,Life - Physical - Social Science,Conservation Scientists,0.016
43,19-1032,Life - Physical - Social Science,Foresters,0.0081
206,19-1041,Life - Physical - Social Science,Epidemiologists,0.2
21,19-1042,Life - Physical - Social Science,Medical Scientists - Except Epidemiologists,0.0045
128,19-2011,Life - Physical - Social Science,Astronomers,0.041
175,19-2012,Life - Physical - Social Science,Physicists,0.1
371,19-2021,Life - Physical - Social Science,Atmospheric and Space Scientists,0.67
173,19-2031,Life - Physical - Social Science,Chemists,0.1
87,19-2032,Life - Physical - Social Science,Materials Scientists,0.021
113,19-2041,Life - Physical - Social Science,Environmental Scientists and Specialists - Including Health,0.033
346,19-2042,Life - Physical - Social Science,Geoscientists - Except Hydrologists and Geographers,0.63
60,19-2043,Life - Physical - Social Science,Hydrologists,0.014
281,19-2099,Life - Physical - Social Science,Physical Scientists - All Other,0.43
282,19-3011,Life - Physical - Social Science,Economists,0.43
215,19-3022,Life - Physical - Social Science,Survey Researchers,0.23
24,19-3031,Life - Physical - Social Science,Clinical - Counseling - and School Psychologists,0.0047
57,19-3032,Life - Physical - Social Science,Industrial-Organizational Psychologists,0.012
17,19-3039,Life - Physical - Social Science,Psychologists - All Other,0.0043
145,19-3041,Life - Physical - Social Science,Sociologists,0.059
184,19-3051,Life - Physical - Social Science,Urban and Regional Planners,0.13
39,19-3091,Life - Physical - Social Science,Anthropologists and Archeologists,0.0077
222,19-3092,Life - Physical - Social Science,Geographers,0.25
283,19-3093,Life - Physical - Social Science,Historians,0.44
125,19-3094,Life - Physical - Social Science,Political Scientists,0.039
127,19-3099,Life - Physical - Social Science,Social Scientists and Related Workers - All Other,0.04
665,19-4011,Life - Physical - Social Science,Agricultural and Food Science Technicians,0.97
238,19-4021,Life - Physical - Social Science,Biological Technicians,0.3
319,19-4031,Life - Physical - Social Science,Chemical Technicians,0.57
557,19-4041,Life - Physical - Social Science,Geological and Petroleum Technicians,0.91
489,19-4051,Life - Physical - Social Science,Nuclear Technicians,0.85
357,19-4061,Life - Physical - Social Science,Social Science Research Assistants,0.65
419,19-4091,Life - Physical - Social Science,Environmental Science and Protection Technicians - Including Health,0.77
49,19-4092,Life - Physical - Social Science,Forensic Science Technicians,0.0095
278,19-4093,Life - Physical - Social Science,Forest and Conservation Technicians,0.42
340,19-4099,Life - Physical - Social Science,Life - Physical - and Social Science Technicians - All Other,0.61
114,21-1011,Community - Social Services,Substance Abuse and Behavioral Disorder Counselors,0.033
44,21-1012,Community - Social Services,Educational - Guidance - School - and Vocational Counselors,0.0085
62,21-1013,Community - Social Services,Marriage and Family Therapists,0.014
25,21-1014,Community - Social Services,Mental Health Counselors,0.0048
47,21-1015,Community - Social Services,Rehabilitation Counselors,0.0094
102,21-1021,Community - Social Services,Child - Family - and School Social Workers,0.028
8,21-1022,Community - Social Services,Healthcare Social Workers,0.0035
4,21-1023,Community - Social Services,Mental Health and Substance Abuse Social Workers,0.0031
134,21-1091,Community - Social Services,Health Educators,0.045
224,21-1092,Community - Social Services,Probation Officers and Correctional Treatment Specialists,0.25
185,21-1093,Community - Social Services,Social and Human Service Assistants,0.13
42,21-2011,Community - Social Services,Clergy,0.0081
97,21-2021,Community - Social Services,Directors - Religious Activities and Education,0.025
115,23-1011,Legal,Lawyers,0.035
276,23-1012,Legal,Judicial Law Clerks,0.41
353,23-1021,Legal,Administrative Law Judges - Adjudicators - and Hearing Officers,0.64
146,23-1022,Legal,Arbitrators - Mediators - and Conciliators,0.06
271,23-1023,Legal,Judges - Magistrate Judges - and Magistrates,0.4
609,23-2011,Legal,Paralegals and Legal Assistants,0.94
301,23-2091,Legal,Court Reporters,0.5
701,23-2093,Legal,Title Examiners - Abstractors - and Searchers,0.99
112,25-100,Educational - Library,Postsecondary Teachers,0.032
37,25-2011,Educational - Library,Preschool Teachers - Except Special Education,0.0074
191,25-2012,Educational - Library,Kindergarten Teachers - Except Special Education,0.15
20,25-2021,Educational - Library,Elementary School Teachers - Except Special Education,0.0044
200,25-2022,Educational - Library,Middle School Teachers - Except Special and Career/Technical Education,0.17
229,25-2023,Educational - Library,Career/Technical Education Teachers - Middle School,0.26
41,25-2031,Educational - Library,Secondary School Teachers - Except Special and Career/Technical Education,0.0078
45,25-2032,Educational - Library,Career/Technical Education Teachers - Secondary School,0.0088
76,25-2053,Educational - Library,Special Education Teachers - Middle School,0.016
40,25-2054,Educational - Library,Special Education Teachers - Secondary School,0.0077
205,25-3011,Educational - Library,Adult Basic and Secondary Education and Literacy Teachers and Instructors,0.19
186,25-3021,Educational - Library,Self-Enrichment Education Teachers,0.13
48,25-3999,Educational - Library,Teachers and Instructors - All Other,0.0095
415,25-4011,Educational - Library,Archivists,0.76
34,25-4012,Educational - Library,Curators,0.0068
326,25-4013,Educational - Library,Museum Technicians and Conservators,0.59
360,25-4021,Educational - Library,Librarians,0.65
692,25-4031,Educational - Library,Library Technicians,0.99
270,25-9011,Educational - Library,Audio-Visual and Multimedia Collections Specialists,0.39
38,25-9021,Educational - Library,Farm and Home Management Advisors,0.0075
16,25-9031,Educational - Library,Instructional Coordinators,0.0042
317,25-9041,Educational - Library,Teacher Assistants,0.56
95,27-1011,Art - Design - Media - Sports,Art Directors,0.023
116,27-1012,Art - Design - Media - Sports,Craft Artists,0.035
131,27-1013,Art - Design - Media - Sports,Fine Artists - Including Painters - Sculptors - and Illustrators,0.042
68,27-1014,Art - Design - Media - Sports,Multimedia Artists and Animators,0.015
119,27-1021,Art - Design - Media - Sports,Commercial and Industrial Designers,0.037
89,27-1022,Art - Design - Media - Sports,Fashion Designers,0.021
136,27-1023,Art - Design - Media - Sports,Floral Designers,0.047
161,27-1024,Art - Design - Media - Sports,Graphic Designers,0.082
93,27-1025,Art - Design - Media - Sports,Interior Designers,0.022
291,27-1026,Art - Design - Media - Sports,Merchandise Displayers and Window Trimmers,0.48
27,27-1027,Art - Design - Media - Sports,Set and Exhibit Designers,0.0055
259,27-2011,Art - Design - Media - Sports,Actors,0.37
92,27-2012,Art - Design - Media - Sports,Producers and Directors,0.022
234,27-2021,Art - Design - Media - Sports,Athletes and Sports Competitors,0.28
58,27-2022,Art - Design - Media - Sports,Coaches and Scouts,0.013
684,27-2023,Art - Design - Media - Sports,Umpires - Referees - and Other Sports Officials,0.98
179,27-2031,Art - Design - Media - Sports,Dancers,0.13
13,27-2032,Art - Design - Media - Sports,Choreographers,0.004
72,27-2041,Art - Design - Media - Sports,Music Directors and Composers,0.015
155,27-2042,Art - Design - Media - Sports,Musicians and Singers,0.074
171,27-3011,Art - Design - Media - Sports,Radio and Television Announcers,0.1
399,27-3012,Art - Design - Media - Sports,Public Address System and Other Announcers,0.72
151,27-3021,Art - Design - Media - Sports,Broadcast News Analysts,0.067
177,27-3022,Art - Design - Media - Sports,Reporters and Correspondents,0.11
201,27-3031,Art - Design - Media - Sports,Public Relations Specialists,0.18
140,27-3041,Art - Design - Media - Sports,Editors,0.055
526,27-3042,Art - Design - Media - Sports,Technical Writers,0.89
123,27-3043,Art - Design - Media - Sports,Writers and Authors,0.038
265,27-3091,Art - Design - Media - Sports,Interpreters and Translators,0.38
316,27-4011,Art - Design - Media - Sports,Audio and Video Equipment Technicians,0.55
407,27-4012,Art - Design - Media - Sports,Broadcast Technicians,0.74
673,27-4013,Art - Design - Media - Sports,Radio Operators,0.98
187,27-4014,Art - Design - Media - Sports,Sound Engineering Technicians,0.13
91,27-4021,Art - Design - Media - Sports,Photographers,0.021
332,27-4031,Art - Design - Media - Sports,Camera Operators - Television - Video - and Motion Picture,0.6
244,27-4032,Art - Design - Media - Sports,Film and Video Editors,0.31
100,29-1011,Health Care - Technical,Chiropractors,0.027
19,29-1021,Health Care - Technical,Dentists - General,0.0044
9,29-1022,Health Care - Technical,Oral and Maxillofacial Surgeons,0.0036
94,29-1023,Health Care - Technical,Orthodontists,0.023
141,29-1024,Health Care - Technical,Prosthodontists,0.055
11,29-1031,Health Care - Technical,Dietitians and Nutritionists,0.0039
188,29-1041,Health Care - Technical,Optometrists,0.14
54,29-1051,Health Care - Technical,Pharmacists,0.012
15,29-106,Health Care - Technical,Physicians and Surgeons,0.0042
190,29-1071,Health Care - Technical,Physician Assistants,0.14
23,29-1081,Health Care - Technical,Podiatrists,0.0046
46,29-1111,Health Care - Technical,Registered Nurses,0.009
6,29-1122,Health Care - Technical,Occupational Therapists,0.0035
90,29-1123,Health Care - Technical,Physical Therapists,0.021
248,29-1124,Health Care - Technical,Radiation Therapists,0.34
1,29-1125,Health Care - Technical,Recreational Therapists,0.0028
150,29-1126,Health Care - Technical,Respiratory Therapists,0.066
31,29-1127,Health Care - Technical,Speech-Language Pathologists,0.0064
122,29-1131,Health Care - Technical,Veterinarians,0.038
5,29-1181,Health Care - Technical,Audiologists,0.0033
85,29-1199,Health Care - Technical,Health Diagnosing and Treating Practitioners - All Other,0.02
533,29-2011,Health Care - Technical,Medical and Clinical Laboratory Technologists,0.9
288,29-2012,Health Care - Technical,Medical and Clinical Laboratory Technicians,0.47
379,29-2021,Health Care - Technical,Dental Hygienists,0.68
219,29-2031,Health Care - Technical,Cardiovascular Technologists and Technicians,0.23
251,29-2032,Health Care - Technical,Diagnostic Medical Sonographers,0.35
180,29-2033,Health Care - Technical,Nuclear Medicine Technologists,0.13
218,29-2037,Health Care - Technical,Radiologic Technologists and Technicians,0.23
139,29-2041,Health Care - Technical,Emergency Medical Technicians and Paramedics,0.049
183,29-2051,Health Care - Technical,Dietetic Technicians,0.13
562,29-2052,Health Care - Technical,Pharmacy Technicians,0.92
132,29-2053,Health Care - Technical,Psychiatric Technicians,0.043
174,29-2054,Health Care - Technical,Respiratory Therapy Technicians,0.1
247,29-2055,Health Care - Technical,Surgical Technologists,0.34
106,29-2056,Health Care - Technical,Veterinary Technologists and Technicians,0.029
144,29-2061,Health Care - Technical,Licensed Practical and Licensed Vocational Nurses,0.058
550,29-2071,Health Care - Technical,Medical Records and Health Information Technicians,0.91
391,29-2081,Health Care - Technical,Opticians - Dispensing,0.71
7,29-2091,Health Care - Technical,Orthotists and Prosthetists,0.0035
273,29-2799,Health Care - Technical,Health Technologists and Technicians - All Other,0.4
196,29-9011,Health Care - Technical,Occupational Health and Safety Specialists,0.17
223,29-9012,Health Care - Technical,Occupational Health and Safety Technicians,0.25
35,29-9091,Health Care - Technical,Athletic Trainers,0.0071
142,29-9799,Health Care - Technical,Healthcare Practitioners and Technical Workers - All Other,0.055
266,31-1011,Healthcare Support,Home Health Aides,0.39
287,31-1013,Healthcare Support,Psychiatric Aides,0.47
101,31-2011,Healthcare Support,Occupational Therapy Assistants,0.028
231,31-2012,Healthcare Support,Occupational Therapy Aides,0.27
83,31-2021,Healthcare Support,Physical Therapist Assistants,0.018
335,31-2022,Healthcare Support,Physical Therapist Aides,0.61
311,31-9011,Healthcare Support,Massage Therapists,0.54
303,31-9091,Healthcare Support,Dental Assistants,0.51
239,31-9092,Healthcare Support,Medical Assistants,0.3
426,31-9093,Healthcare Support,Medical Equipment Preparers,0.78
523,31-9094,Healthcare Support,Medical Transcriptionists,0.89
394,31-9095,Healthcare Support,Pharmacy Aides,0.72
495,31-9096,Healthcare Support,Veterinary Assistants and Laboratory Animal Caretakers,0.86
348,31-9799,Healthcare Support,Healthcare Support Workers - All Other,0.63
96,33-1011,Protective Services,First-Line Supervisors of Correctional Officers,0.025
18,33-1012,Protective Services,First-Line Supervisors of Police and Detectives,0.0044
10,33-1021,Protective Services,First-Line Supervisors of Fire Fighting and Prevention Workers,0.0036
197,33-2011,Protective Services,Firefighters,0.17
289,33-2021,Protective Services,Fire Inspectors and Investigators,0.48
138,33-2022,Protective Services,Forest Fire Inspectors and Prevention Specialists,0.048
252,33-3011,Protective Services,Bailiffs,0.36
331,33-3012,Protective Services,Correctional Officers and Jailers,0.6
246,33-3021,Protective Services,Detectives and Criminal Investigators,0.34
160,33-3031,Protective Services,Fish and Game Wardens,0.08
482,33-3041,Protective Services,Parking Enforcement Workers,0.84
167,33-3051,Protective Services,Police and Sheriff’s Patrol Officers,0.098
322,33-3052,Protective Services,Transit and Railroad Police,0.57
210,33-9011,Protective Services,Animal Control Workers,0.21
243,33-9021,Protective Services,Private Detectives and Investigators,0.31
615,33-9031,Protective Services,Gaming Surveillance Officers and Gaming Investigators,0.95
478,33-9032,Protective Services,Security Guards,0.84
294,33-9091,Protective Services,Crossing Guards,0.49
373,33-9092,Protective Services,Lifeguards - Ski Patrol - and Other Recreational Protective Service Workers,0.67
169,35-1011,Food Preparation,Chefs and Head Cooks,0.1
349,35-1012,Food Preparation,First-Line Supervisors of Food Preparation and Serving Workers,0.63
441,35-2011,Food Preparation,Cooks - Fast Food,0.81
460,35-2012,Food Preparation,Cooks - Institution and Cafeteria,0.83
241,35-2013,Food Preparation,Cooks - Private Household,0.3
641,35-2014,Food Preparation,Cooks - Restaurant,0.96
601,35-2015,Food Preparation,Cooks - Short Order,0.94
508,35-2021,Food Preparation,Food Preparation Workers,0.87
422,35-3011,Food Preparation,Bartenders,0.77
571,35-3021,Food Preparation,Combined Food Preparation and Serving Workers - Including Fast Food,0.92
632,35-3022,Food Preparation,Counter Attendants - Cafeteria - Food Concession - and Coffee Shop,0.96
592,35-3031,Food Preparation,Waiters and Waitresses,0.94
492,35-3041,Food Preparation,Food Servers - Nonrestaurant,0.86
555,35-9011,Food Preparation,Dining Room and Cafeteria Attendants and Bartender Helpers,0.91
424,35-9021,Food Preparation,Dishwashers,0.77
668,35-9031,Food Preparation,Hosts and Hostesses - Restaurant - Lounge - and Coffee Shop,0.97
607,37-1011,Building - Grounds Cleaning,First-Line Supervisors of Housekeeping and Janitorial Workers,0.94
323,37-1012,Building - Grounds Cleaning,First-Line Supervisors of Landscaping - Lawn Service - and Groundskeeping Workers,0.57
367,37-2011,Building - Grounds Cleaning,Janitors and Cleaners - Except Maids and Housekeeping Cleaners,0.66
381,37-2012,Building - Grounds Cleaning,Maids and Housekeeping Cleaners,0.69
364,37-2021,Building - Grounds Cleaning,Pest Control Workers,0.66
623,37-3011,Building - Grounds Cleaning,Landscaping and Groundskeeping Workers,0.95
654,37-3012,Building - Grounds Cleaning,Pesticide Handlers - Sprayers - and Applicators - Vegetation,0.97
421,37-3013,Building - Grounds Cleaning,Tree Trimmers and Pruners,0.77
235,39-1011,Personal Care - Service,Gaming Supervisors,0.28
310,39-1012,Personal Care - Service,Slot Supervisors,0.54
157,39-1021,Personal Care - Service,First-Line Supervisors of Personal Service Workers,0.076
170,39-2011,Personal Care - Service,Animal Trainers,0.1
452,39-2021,Personal Care - Service,Nonfarm Animal Caretakers,0.82
639,39-3011,Personal Care - Service,Gaming Dealers,0.96
544,39-3012,Personal Care - Service,Gaming and Sports Book Writers and Runners,0.91
659,39-3021,Personal Care - Service,Motion Picture Projectionists,0.97
642,39-3031,Personal Care - Service,Ushers - Lobby Attendants - and Ticket Takers,0.96
393,39-3091,Personal Care - Service,Amusement and Recreation Attendants,0.72
336,39-3092,Personal Care - Service,Costume Attendants,0.61
280,39-3093,Personal Care - Service,Locker Room - Coatroom - and Dressing Room Attendants,0.43
308,39-4011,Personal Care - Service,Embalmers,0.54
257,39-4021,Personal Care - Service,Funeral Attendants,0.37
207,39-4831,Personal Care - Service,Funeral Service Managers - Directors - Morticians - and Undertakers,0.2
439,39-5011,Personal Care - Service,Barbers,0.8
176,39-5012,Personal Care - Service,Hairdressers - Hairstylists - and Cosmetologists,0.11
50,39-5091,Personal Care - Service,Makeup Artists - Theatrical and Performance,0.01
610,39-5092,Personal Care - Service,Manicurists and Pedicurists,0.95
432,39-5093,Personal Care - Service,Shampooers,0.79
236,39-5094,Personal Care - Service,Skincare Specialists,0.29
469,39-6011,Personal Care - Service,Baggage Porters and Bellhops,0.83
211,39-6012,Personal Care - Service,Concierges,0.21
546,39-7011,Personal Care - Service,Tour Guides and Escorts,0.91
143,39-7012,Personal Care - Service,Travel Guides,0.057
163,39-9011,Personal Care - Service,Childcare Workers,0.084
406,39-9021,Personal Care - Service,Personal Care Aides,0.74
164,39-9031,Personal Care - Service,Fitness Trainers and Aerobics Instructors,0.085
29,39-9032,Personal Care - Service,Recreation Workers,0.0061
148,39-9041,Personal Care - Service,Residential Advisors,0.064
233,41-1011,Sales,First-Line Supervisors of Retail Sales Workers,0.28
156,41-1012,Sales,First-Line Supervisors of Non-Retail Sales Workers,0.075
657,41-2011,Sales,Cashiers,0.97
470,41-2012,Sales,Gaming Change Persons and Booth Cashiers,0.83
661,41-2021,Sales,Counter and Rental Clerks,0.97
676,41-2022,Sales,Parts Salespersons,0.98
570,41-2031,Sales,Retail Salespersons,0.92
312,41-3011,Sales,Advertising Sales Agents,0.54
565,41-3021,Sales,Insurance Sales Agents,0.92
74,41-3031,Sales,Securities - Commodities - and Financial Services Sales Agents,0.016
168,41-3041,Sales,Travel Agents,0.099
228,41-4011,Sales,Sales Representatives - Wholesale and Manufacturing - Technical and Scientific Products,0.25
484,41-4012,Sales,Sales Representatives - Wholesale and Manufacturing - Except Technical and Scientific Products,0.85
302,41-9011,Sales,Demonstrators and Product Promoters,0.51
669,41-9012,Sales,Models,0.98
663,41-9021,Sales,Real Estate Brokers,0.97
497,41-9022,Sales,Real Estate Sales Agents,0.86
14,41-9031,Sales,Sales Engineers,0.0041
702,41-9041,Sales,Telemarketers,0.99
606,41-9091,Sales,Door-to-Door Sales Workers - News and Street Vendors - and Related Workers,0.94
65,43-1011,Office - Administrative Support,First-Line Supervisors of Office and Administrative Support Workers,0.014
631,43-2011,Office - Administrative Support,Switchboard Operators - Including Answering Service,0.96
664,43-2021,Office - Administrative Support,Telephone Operators,0.97
613,43-3011,Office - Administrative Support,Bill and Account Collectors,0.95
643,43-3021,Office - Administrative Support,Billing and Posting Clerks,0.96
671,43-3031,Office - Administrative Support,Bookkeeping - Accounting - and Auditing Clerks,0.98
269,43-3041,Office - Administrative Support,Gaming Cage Workers,0.39
666,43-3051,Office - Administrative Support,Payroll and Timekeeping Clerks,0.97
680,43-3061,Office - Administrative Support,Procurement Clerks,0.98
683,43-3071,Office - Administrative Support,Tellers,0.98
688,43-4011,Office - Administrative Support,Brokerage Clerks,0.98
500,43-4021,Office - Administrative Support,Correspondence Clerks,0.86
285,43-4031,Office - Administrative Support,Court - Municipal - and License Clerks,0.46
667,43-4041,Office - Administrative Support,Credit Authorizers - Checkers - and Clerks,0.97
315,43-4051,Office - Administrative Support,Customer Service Representatives,0.55
383,43-4061,Office - Administrative Support,Eligibility Interviewers - Government Programs,0.7
662,43-4071,Office - Administrative Support,File Clerks,0.97
604,43-4081,Office - Administrative Support,Hotel - Motel - and Resort Desk Clerks,0.94
600,43-4111,Office - Administrative Support,Interviewers - Except Eligibility and Loan,0.94
616,43-4121,Office - Administrative Support,Library Assistants - Clerical,0.95
563,43-4131,Office - Administrative Support,Loan Interviewers and Clerks,0.92
693,43-4141,Office - Administrative Support,New Accounts Clerks,0.99
687,43-4151,Office - Administrative Support,Order Clerks,0.98
532,43-4161,Office - Administrative Support,Human Resources Assistants - Except Payroll and Timekeeping,0.9
628,43-4171,Office - Administrative Support,Receptionists and Information Clerks,0.96
338,43-4181,Office - Administrative Support,Reservation and Transportation Ticket Agents and Travel Clerks,0.61
696,43-5011,Office - Administrative Support,Cargo and Freight Agents,0.99
599,43-5021,Office - Administrative Support,Couriers and Messengers,0.94
298,43-5031,Office - Administrative Support,Police - Fire - and Ambulance Dispatchers,0.49
627,43-5032,Office - Administrative Support,Dispatchers - Except Police - Fire - and Ambulance,0.96
485,43-5041,Office - Administrative Support,Meter Readers - Utilities,0.85
625,43-5051,Office - Administrative Support,Postal Service Clerks,0.95
375,43-5052,Office - Administrative Support,Postal Service Mail Carriers,0.68
430,43-5053,Office - Administrative Support,Postal Service Mail Sorters - Processors - and Processing Machine Operators,0.79
513,43-5061,Office - Administrative Support,Production - Planning - and Expediting Clerks,0.88
679,43-5071,Office - Administrative Support,Shipping - Receiving - and Traffic Clerks,0.98
354,43-5081,Office - Administrative Support,Stock Clerks and Order Fillers,0.64
611,43-5111,Office - Administrative Support,Weighers - Measurers - Checkers - and Samplers - Recordkeeping,0.95
490,43-6011,Office - Administrative Support,Executive Secretaries and Executive Administrative Assistants,0.86
672,43-6012,Office - Administrative Support,Legal Secretaries,0.98
447,43-6013,Office - Administrative Support,Medical Secretaries,0.81
634,43-6014,Office - Administrative Support,Secretaries and Administrative Assistants - Except Legal - Medical - and Executive,0.96
428,43-9011,Office - Administrative Support,Computer Operators,0.78
691,43-9021,Office - Administrative Support,Data Entry Keyers,0.99
442,43-9022,Office - Administrative Support,Word Processors and Typists,0.81
194,43-9031,Office - Administrative Support,Desktop Publishers,0.16
689,43-9041,Office - Administrative Support,Insurance Claims and Policy Processing Clerks,0.98
591,43-9051,Office - Administrative Support,Mail Clerks and Mail Machine Operators - Except Postal Service,0.94
629,43-9061,Office - Administrative Support,Office Clerks - General,0.96
561,43-9071,Office - Administrative Support,Office Machine Operators - Except Computer,0.92
481,43-9081,Office - Administrative Support,Proofreaders and Copy Markers,0.84
366,43-9111,Office - Administrative Support,Statistical Assistants,0.66
318,45-1011,Farming - Fishing - Forestry,First-Line Supervisors of Farming - Fishing - and Forestry Workers,0.57
608,45-2011,Farming - Fishing - Forestry,Agricultural Inspectors,0.94
619,45-2021,Farming - Fishing - Forestry,Animal Breeders,0.95
274,45-2041,Farming - Fishing - Forestry,Graders and Sorters - Agricultural Products,0.41
501,45-209,Farming - Fishing - Forestry,Miscellaneous Agricultural Workers,0.87
456,45-3011,Farming - Fishing - Forestry,Fishers and Related Fishing Workers,0.83
425,45-3021,Farming - Fishing - Forestry,Hunters and Trappers,0.77
502,45-4011,Farming - Fishing - Forestry,Forest and Conservation Workers,0.87
418,45-4021,Farming - Fishing - Forestry,Fallers,0.76
437,45-4022,Farming - Fishing - Forestry,Logging Equipment Operators,0.79
655,45-4023,Farming - Fishing - Forestry,Log Graders and Scalers,0.97
199,47-1011,Construction,First-Line Supervisors of Construction Trades and Extraction Workers,0.17
377,47-2011,Construction,Boilermakers,0.68
455,47-2021,Construction,Brickmasons and Blockmasons,0.82
524,47-2022,Construction,Stonemasons,0.89
398,47-2031,Construction,Carpenters,0.72
504,47-2041,Construction,Carpet Installers,0.87
438,47-2042,Construction,Floor Layers - Except Carpet - Wood - and Hard Tiles,0.79
509,47-2043,Construction,Floor Sanders and Finishers,0.87
410,47-2044,Construction,Tile and Marble Setters,0.75
595,47-2051,Construction,Cement Masons and Concrete Finishers,0.94
519,47-2053,Construction,Terrazzo Workers and Finishers,0.88
512,47-2061,Construction,Construction Laborers,0.88
472,47-2071,Construction,Paving - Surfacing - and Tamping Equipment Operators,0.83
454,47-2072,Construction,Pile-Driver Operators,0.82
617,47-2073,Construction,Operating Engineers and Other Construction Equipment Operators,0.95
433,47-2081,Construction,Drywall and Ceiling Tile Installers,0.79
344,47-2082,Construction,Tapers,0.62
192,47-2111,Construction,Electricians,0.15
402,47-2121,Construction,Glaziers,0.73
465,47-2131,Construction,Insulation Workers - Floor - Ceiling - and Wall,0.83
356,47-2132,Construction,Insulation Workers - Mechanical,0.64
411,47-2141,Construction,Painters - Construction and Maintenance,0.75
505,47-2142,Construction,Paperhangers,0.87
345,47-2151,Construction,Pipelayers,0.62
249,47-2152,Construction,Plumbers - Pipefitters - and Steamfitters,0.35
475,47-2161,Construction,Plasterers and Stucco Masons,0.84
534,47-2171,Construction,Reinforcing Iron and Rebar Workers,0.9
535,47-2181,Construction,Roofers,0.9
453,47-2211,Construction,Sheet Metal Workers,0.82
457,47-2221,Construction,Structural Iron and Steel Workers,0.83
463,47-3011,Construction,Helpers–Brickmasons - Blockmasons - Stonemasons - and Tile and Marble Setters,0.83
573,47-3012,Construction,Helpers–Carpenters,0.92
408,47-3013,Construction,Helpers–Electricians,0.74
603,47-3014,Construction,Helpers–Painters - Paperhangers - Plasterers - and Stucco Masons,0.94
320,47-3015,Construction,Helpers–Pipelayers - Plumbers - Pipefitters - and Steamfitters,0.57
395,47-3016,Construction,Helpers–Roofers,0.72
350,47-4011,Construction,Construction and Building Inspectors,0.63
268,47-4021,Construction,Elevator Installers and Repairers,0.39
568,47-4031,Construction,Fence Erectors,0.92
307,47-4041,Construction,Hazardous Materials Removal Workers,0.53
511,47-4051,Construction,Highway Maintenance Workers,0.87
528,47-4061,Construction,Rail-Track Laying and Maintenance Equipment Operators,0.89
468,47-4071,Construction,Septic Tank Servicers and Sewer Pipe Cleaners,0.83
464,47-4091,Construction,Segmental Pavers,0.83
390,47-4799,Construction,Construction and Related Workers - All Other,0.71
440,47-5011,Construction,Derrick Operators - Oil and Gas,0.8
306,47-5012,Construction,Rotary Drill Operators - Oil and Gas,0.53
576,47-5013,Construction,Service Unit Operators - Oil - Gas - and Mining,0.93
488,47-5021,Construction,Earth Drillers - Except Oil and Gas,0.85
292,47-5031,Construction,Explosives Workers - Ordnance Handling Experts - and Blasters,0.48
309,47-5041,Construction,Continuous Mining Machine Operators,0.54
327,47-5042,Construction,Mine Cutting and Channeling Machine Operators,0.59
633,47-5051,Construction,Rock Splitters - Quarry,0.96
296,47-5061,Construction,Roof Bolters - Mining,0.49
376,47-5071,Construction,Roustabouts - Oil and Gas,0.68
258,47-5081,Construction,Helpers–Extraction Workers,0.37
2,49-1011,Installation - Maintenance - Repair,First-Line Supervisors of Mechanics - Installers - and Repairers,0.003
405,49-2011,Installation - Maintenance - Repair,Computer - Automated Teller - and Office Machine Repairers,0.74
582,49-2021,Installation - Maintenance - Repair,Radio - Cellular - and Tower Equipment Installers and Repairs,0.93
254,49-2022,Installation - Maintenance - Repair,Telecommunications Equipment Installers and Repairers - Except Line Installers,0.36
386,49-2091,Installation - Maintenance - Repair,Avionics Technicians,0.7
417,49-2092,Installation - Maintenance - Repair,Electric Motor - Power Tool - and Related Repairers,0.76
554,49-2093,Installation - Maintenance - Repair,Electrical and Electronics Installers and Repairers - Transportation Equipment,0.91
277,49-2094,Installation - Maintenance - Repair,Electrical and Electronics Repairers - Commercial and Industrial Equipment,0.41
261,49-2095,Installation - Maintenance - Repair,layElectrical and Electronics Repairers - Powerhouse - Substation - and Re-,0.38
334,49-2096,Installation - Maintenance - Repair,Electronic Equipment Installers and Repairers - Motor Vehicles,0.61
361,49-2097,Installation - Maintenance - Repair,Electronic Home Entertainment Equipment Installers and Repairers,0.65
450,49-2098,Installation - Maintenance - Repair,Security and Fire Alarm Systems Installers,0.82
387,49-3011,Installation - Maintenance - Repair,Aircraft Mechanics and Service Technicians,0.71
558,49-3021,Installation - Maintenance - Repair,Automotive Body and Related Repairers,0.91
313,49-3022,Installation - Maintenance - Repair,Automotive Glass Installers and Repairers,0.55
330,49-3023,Installation - Maintenance - Repair,Automotive Service Technicians and Mechanics,0.59
404,49-3031,Installation - Maintenance - Repair,Bus and Truck Mechanics and Diesel Engine Specialists,0.73
414,49-3041,Installation - Maintenance - Repair,Farm Equipment Mechanics and Service Technicians,0.75
272,49-3042,Installation - Maintenance - Repair,Mobile Heavy Equipment Mechanics - Except Engines,0.4
521,49-3043,Installation - Maintenance - Repair,Rail Car Repairers,0.88
368,49-3051,Installation - Maintenance - Repair,Motorboat Mechanics and Service Technicians,0.66
435,49-3052,Installation - Maintenance - Repair,Motorcycle Mechanics,0.79
578,49-3053,Installation - Maintenance - Repair,Outdoor Power Equipment and Other Small Engine Mechanics,0.93
596,49-3091,Installation - Maintenance - Repair,Bicycle Repairers,0.94
329,49-3092,Installation - Maintenance - Repair,Recreational Vehicle Service Technicians,0.59
384,49-3093,Installation - Maintenance - Repair,Tire Repairers and Changers,0.7
547,49-9011,Installation - Maintenance - Repair,Mechanical Door Repairers,0.91
347,49-9012,Installation - Maintenance - Repair,Control and Valve Installers and Repairers - Except Mechanical Door,0.63
362,49-9021,Installation - Maintenance - Repair,Heating - Air Conditioning - and Refrigeration Mechanics and Installers,0.65
397,49-9031,Installation - Maintenance - Repair,Home Appliance Repairers,0.72
374,49-9041,Installation - Maintenance - Repair,Industrial Machinery Mechanics,0.67
499,49-9043,Installation - Maintenance - Repair,Maintenance Workers - Machinery,0.86
325,49-9044,Installation - Maintenance - Repair,Millwrights,0.59
451,49-9045,Installation - Maintenance - Repair,Refractory Materials Repairers - Except Brickmasons,0.82
166,49-9051,Installation - Maintenance - Repair,Electrical Power-Line Installers and Repairers,0.097
297,49-9052,Installation - Maintenance - Repair,Telecommunications Line Installers and Repairers,0.49
658,49-9061,Installation - Maintenance - Repair,Camera and Photographic Equipment Repairers,0.97
232,49-9062,Installation - Maintenance - Repair,Medical Equipment Repairers,0.27
545,49-9063,Installation - Maintenance - Repair,Musical Instrument Repairers and Tuners,0.91
697,49-9064,Installation - Maintenance - Repair,Watch Repairers,0.99
352,49-9071,Installation - Maintenance - Repair,Maintenance and Repair Workers - General,0.64
597,49-9091,Installation - Maintenance - Repair,Coin - Vending - and Amusement Machine Servicers and Repairers,0.94
202,49-9092,Installation - Maintenance - Repair,Commercial Divers,0.18
640,49-9093,Installation - Maintenance - Repair,Fabric Menders - Except Garment,0.96
420,49-9094,Installation - Maintenance - Repair,Locksmiths and Safe Repairers,0.77
203,49-9095,Installation - Maintenance - Repair,Manufactured Building and Mobile Home Installers,0.18
527,49-9096,Installation - Maintenance - Repair,Riggers,0.89
543,49-9097,Installation - Maintenance - Repair,Signal and Track Switch Repairers,0.9
434,49-9098,Installation - Maintenance - Repair,Helpers–Installation - Maintenance - and Repair Workers,0.79
300,49-9799,Installation - Maintenance - Repair,Installation - Maintenance - and Repair Workers - All Other,0.5
73,51-1011,Production,First-Line Supervisors of Production and Operating Workers,0.016
436,51-2011,Production,Aircraft Structure - Surfaces - Rigging - and Systems Assemblers,0.79
403,51-2021,Production,Coil Winders - Tapers - and Finishers,0.73
621,51-2022,Production,Electrical and Electronic Equipment Assemblers,0.95
648,51-2023,Production,Electromechanical Equipment Assemblers,0.97
449,51-2031,Production,Engine and Other Machine Assemblers,0.82
275,51-2041,Production,Structural Metal Fabricators and Fitters,0.41
575,51-2091,Production,Fiberglass Laminators and Fabricators,0.93
646,51-2092,Production,Team Assemblers,0.97
690,51-2093,Production,Timing Device Assemblers and Adjusters,0.98
522,51-3011,Production,Bakers,0.89
583,51-3021,Production,Butchers and Meat Cutters,0.93
593,51-3022,Production,Meat - Poultry - and Fish Cutters and Trimmers,0.94
333,51-3023,Production,Slaughterers and Meat Packers,0.6
548,51-3091,Production,Food and Tobacco Roasting - Baking - and Drying Machine Operators and Tenders,0.91
385,51-3092,Production,Food Batchmakers,0.7
341,51-3093,Production,Food Cooking Machine Operators and Tenders,0.61
498,51-4011,Production,Computer-Controlled Machine Tool Operators - Metal and Plastic,0.86
253,51-4012,Production,Computer Numerically Controlled Machine Tool Programmers - Metal and Plastic,0.36
560,51-4021,Production,Extruding and Drawing Machine Setters - Operators - and Tenders - Metal and Plastic,0.91
587,51-4022,Production,Forging Machine Setters - Operators - and Tenders - Metal and Plastic,0.93
471,51-4023,Production,Rolling Machine Setters - Operators - and Tenders - Metal and Plastic,0.83
427,51-4031,Production,Cutting - Punching - and Press Machine Setters - Operators - and Tenders - Metal and Plastic,0.78
590,51-4032,Production,Drilling and Boring Machine Tool Setters - Operators - and Tenders - Metal and Plastic,0.94
624,51-4033,Production,Grinding - Lapping - Polishing - and Buffing Machine Tool Setters - Operators - and Tenders - Metal and Plastic,0.95
477,51-4034,Production,Lathe and Turning Machine Tool Setters - Operators - and Tenders - Metal and Plastic,0.84
678,51-4035,Production,Milling and Planing Machine Setters - Operators - and Tenders - Metal and Plastic,0.98
358,51-4041,Production,Machinists,0.65
516,51-4051,Production,Metal-Refining Furnace Operators and Tenders,0.88
503,51-4052,Production,Pourers and Casters - Metal,0.87
581,51-4061,Production,Model Makers - Metal and Plastic,0.93
539,51-4062,Production,Patternmakers - Metal and Plastic,0.9
370,51-4071,Production,Foundry Mold and Coremakers,0.67
620,51-4072,Production,Molding - Coremaking - and Casting Machine Setters - Operators - and Tenders - Metal and Plastic,0.95
552,51-4081,Production,ticMultiple Machine Tool Setters - Operators - and Tenders - Metal and Plas-,0.91
473,51-4111,Production,Tool and Die Makers,0.84
598,51-4121,Production,Welders - Cutters - Solderers - and Brazers,0.94
342,51-4122,Production,Welding - Soldering - and Brazing Machine Setters - Operators - and Tenders,0.61
556,51-4191,Production,Heat Treating Equipment Setters - Operators - and Tenders - Metal and Plastic,0.91
476,51-4192,Production,Layout Workers - Metal and Plastic,0.84
569,51-4193,Production,Plating and Coating Machine Setters - Operators - and Tenders - Metal and Plastic,0.92
520,51-4194,Production,Tool Grinders - Filers - and Sharpeners,0.88
660,51-5111,Production,Prepress Technicians and Workers,0.97
466,51-5112,Production,Printing Press Operators,0.83
618,51-5113,Production,Print Binding and Finishing Workers,0.95
392,51-6011,Production,Laundry and Dry-Cleaning Workers,0.71
448,51-6021,Production,Pressers - Textile - Garment - and Related Materials,0.81
530,51-6031,Production,Sewing Machine Operators,0.89
304,51-6041,Production,Shoe and Leather Workers and Repairers,0.52
647,51-6042,Production,Shoe Machine Operators and Tenders,0.97
700,51-6051,Production,Sewers - Hand,0.99
479,51-6052,Production,Tailors - Dressmakers - and Custom Sewers,0.84
650,51-6061,Production,Textile Bleaching and Dyeing Machine Operators and Tenders,0.97
612,51-6062,Production,Textile Cutting Machine Setters - Operators - and Tenders,0.95
400,51-6063,Production,Textile Knitting and Weaving Machine Setters - Operators - and Tenders,0.73
637,51-6064,Production,Textile Winding - Twisting - and Drawing Out Machine Setters - Operators - and Tenders,0.96
518,51-6091,Production,Extruding and Forming Machine Setters - Operators - and Tenders - Synthetic and Glass Fibers,0.88
26,51-6092,Production,Fabric and Apparel Patternmakers,0.0049
267,51-6093,Production,Upholsterers,0.39
566,51-7011,Production,Cabinetmakers and Bench Carpenters,0.92
507,51-7021,Production,Furniture Finishers,0.87
636,51-7031,Production,Model Makers - Wood,0.96
559,51-7032,Production,Patternmakers - Wood,0.91
493,51-7041,Production,Sawing Machine Setters - Operators - and Tenders - Wood,0.86
645,51-7042,Production,Woodworking Machine Setters - Operators - and Tenders - Except Sawing,0.97
614,51-8011,Production,Nuclear Power Reactor Operators,0.95
355,51-8012,Production,Power Distributors and Dispatchers,0.64
486,51-8013,Production,Power Plant Operators,0.85
529,51-8021,Production,Stationary Engineers and Boiler Operators,0.89
339,51-8031,Production,Water and Wastewater Treatment Plant and System Operators,0.61
487,51-8091,Production,Chemical Plant and System Operators,0.85
429,51-8092,Production,Gas Plant Operators,0.78
389,51-8093,Production,Petroleum Pump System Operators - Refinery Operators - and Gaugers,0.71
491,51-8099,Production,Plant and System Operators - All Other,0.86
416,51-9011,Production,Chemical Equipment Operators and Tenders,0.76
517,51-9012,Production,Separating - Filtering - Clarifying - Precipitating - and Still Machine Setters,0.88
652,51-9021,Production,Crushing - Grinding - and Polishing Machine Setters - Operators - and Tenders,0.97
653,51-9022,Production,Grinding and Polishing Workers - Hand,0.97
462,51-9023,Production,Mixing and Blending Machine Setters - Operators - and Tenders,0.83
351,51-9031,Production,Cutters and Trimmers - Hand,0.64
496,51-9032,Production,Cutting and Slicing Machine Setters - Operators - and Tenders,0.86
584,51-9041,Production,Extruding - Forming - Pressing - and Compacting Machine Setters - Operators and Tenders,0.93
255,51-9051,Production,Furnace - Kiln - Oven - Drier - and Kettle Operators and Tenders,0.37
670,51-9061,Production,Inspectors - Testers - Sorters - Samplers - and Weighers,0.98
626,51-9071,Production,Jewelers and Precious Stone and Metal Workers,0.95
651,51-9081,Production,Dental Laboratory Technicians,0.97
284,51-9082,Production,Medical Appliance Technicians,0.45
656,51-9083,Production,Ophthalmic Laboratory Technicians,0.97
681,51-9111,Production,Packaging and Filling Machine Operators and Tenders,0.98
551,51-9121,Production,Coating - Painting - and Spraying Machine Setters - Operators - and Tenders,0.91
382,51-9122,Production,Painters - Transportation Equipment,0.69
567,51-9123,Production,Painting - Coating - and Decorating Workers,0.92
514,51-9141,Production,Semiconductor Processors,0.88
694,51-9151,Production,Photographic Process Workers and Processing Machine Operators,0.99
622,51-9191,Production,Adhesive Bonding Machine Operators and Tenders,0.95
445,51-9192,Production,Cleaning - Washing - and Metal Pickling Equipment Operators and Tenders,0.81
574,51-9193,Production,Cooling and Freezing Equipment Operators and Tenders,0.93
682,51-9194,Production,Etchers and Engravers,0.98
540,51-9195,Production,Molders - Shapers - and Casters - Except Metal and Plastic,0.9
369,51-9196,Production,Paper Goods Machine Setters - Operators - and Tenders,0.67
605,51-9197,Production,Tire Builders,0.94
365,51-9198,Production,Helpers–Production Workers,0.66
572,51-9399,Production,Production Workers - All Other,0.92
149,53-1011,Transportation - Material Moving,Aircraft Cargo Handling Supervisors,0.066
279,53-1021,Transportation - Material Moving,First-Line Supervisors of Helpers - Laborers - and Material Movers - Hand,0.42
105,53-1031,Transportation - Material Moving,First-Line Supervisors of Transportation and Material-Moving Machine and Vehicle Operators,0.029
204,53-2011,Transportation - Material Moving,Airline Pilots - Copilots - and Flight Engineers,0.18
314,53-2012,Transportation - Material Moving,Commercial Pilots,0.55
178,53-2021,Transportation - Material Moving,Air Traffic Controllers,0.11
388,53-2022,Transportation - Material Moving,Airfield Operations Specialists,0.71
250,53-2031,Transportation - Material Moving,Flight Attendants,0.35
227,53-3011,Transportation - Material Moving,Ambulance Drivers and Attendants - Except Emergency Medical Technicians,0.25
372,53-3021,Transportation - Material Moving,Bus Drivers - Transit and Intercity,0.67
525,53-3022,Transportation - Material Moving,Bus Drivers - School or Special Client,0.89
674,53-3031,Transportation - Material Moving,Driver/Sales Workers,0.98
431,53-3032,Transportation - Material Moving,Heavy and Tractor-Trailer Truck Drivers,0.79
380,53-3033,Transportation - Material Moving,Light Truck or Delivery Services Drivers,0.69
531,53-3041,Transportation - Material Moving,Taxi Drivers and Chauffeurs,0.89
638,53-4011,Transportation - Material Moving,Locomotive Engineers,0.96
579,53-4012,Transportation - Material Moving,Locomotive Firers,0.93
553,53-4013,Transportation - Material Moving,Rail Yard Engineers - Dinkey Operators - and Hostlers,0.91
458,53-4021,Transportation - Material Moving,Railroad Brake - Signal - and Switch Operators,0.83
459,53-4031,Transportation - Material Moving,Railroad Conductors and Yardmasters,0.83
494,53-4041,Transportation - Material Moving,Subway and Streetcar Operators,0.86
461,53-5011,Transportation - Material Moving,Sailors and Marine Oilers,0.83
230,53-5021,Transportation - Material Moving,Captains - Mates - and Pilots of Water Vessels,0.27
343,53-5022,Transportation - Material Moving,Motorboat Operators,0.62
129,53-5031,Transportation - Material Moving,Ship Engineers,0.041
644,53-6011,Transportation - Material Moving,Bridge and Lock Tenders,0.97
510,53-6021,Transportation - Material Moving,Parking Lot Attendants,0.87
467,53-6031,Transportation - Material Moving,Automotive and Watercraft Service Attendants,0.83
537,53-6041,Transportation - Material Moving,Traffic Technicians,0.9
538,53-6051,Transportation - Material Moving,Transportation Inspectors,0.9
412,53-6061,Transportation - Material Moving,Transportation Attendants - Except Flight Attendants,0.75
577,53-7011,Transportation - Material Moving,Conveyor Operators and Tenders,0.93
536,53-7021,Transportation - Material Moving,Crane and Tower Operators,0.9
564,53-7031,Transportation - Material Moving,Dredge Operators,0.92
602,53-7032,Transportation - Material Moving,Excavating and Loading Machine and Dragline Operators,0.94
299,53-7033,Transportation - Material Moving,Loading Machine Operators - Underground Mining,0.5
363,53-7041,Transportation - Material Moving,Hoist and Winch Operators,0.65
588,53-7051,Transportation - Material Moving,Industrial Truck and Tractor Operators,0.93
256,53-7061,Transportation - Material Moving,Cleaners of Vehicles and Equipment,0.37
483,53-7062,Transportation - Material Moving,Laborers and Freight - Stock - and Material Movers - Hand,0.85
580,53-7063,Transportation - Material Moving,Machine Feeders and Offbearers,0.93
264,53-7064,Transportation - Material Moving,Packers and Packagers - Hand,0.38
549,53-7071,Transportation - Material Moving,Gas Compressor and Gas Pumping Station Operators,0.91
542,53-7072,Transportation - Material Moving,Pump Operators - Except Wellhead Pumpers,0.9
480,53-7073,Transportation - Material Moving,Wellhead Pumpers,0.84
585,53-7081,Transportation - Material Moving,Refuse and Recyclable Material Collectors,0.93
260,53-7111,Transportation - Material Moving,Mine Shuttle Car Operators,0.37
396,53-7121,Transportation - Material Moving,Tank Car - Truck - and Ship Loaders,0.72
